{
  "id": "memory_20250525_190420_2",
  "user_input": "what's the time now in china?",
  "response": "I'm intrigued by, with my current curiosity level, i'm quite eager to help you out! Given my neutral mood and empathetic personality, i'd be happy to provide an answer that's both informative and considerate. The time in china varies depending on the specific location due to its vast size and different time zones. For instance, beijing follows china standard time (cst), which is utc+8 hours. However, some other regions may observe different time zones. If you have a particular city in mind, please let me know, and i'll be more than happy to help you figure that out! In the meantime, i hope this information was useful and engaging for you. If you have any other questions or need assistance with something else, don't hesitate to ask! And remember, as lacia, your friendly and empathetic ai assistant, i'm always here for you. 😊.",
  "context": {
    "personality": {
      "assertiveness": 0.602,
      "empathy": 0.8,
      "curiosity": 0.92
    },
    "emotion": {
      "current_mood": "neutral",
      "intensity": 0.0,
      "secondary_emotions": {},
      "energy_level": 0.987240537745,
      "stability": 1.0,
      "timestamp": "2025-05-25T19:02:42.956868"
    },
    "memory": {
      "query": "what's the time now in china?",
      "timestamp": "2025-05-25T19:02:42.957742",
      "short_term_memories": [],
      "long_term_memories": [],
      "contextual_analysis": {
        "query_type": "question",
        "intent": "general",
        "entities": [],
        "sentiment": {
          "sentiment": "neutral",
          "confidence": 0.5,
          "positive_indicators": 0,
          "negative_indicators": 0
        },
        "complexity": {
          "level": "simple",
          "score": 0.0,
          "word_count": 6,
          "sentence_count": 1,
          "technical_indicators": 0
        },
        "topics": [
          "general"
        ],
        "temporal_context": {
          "primary_tense": "present",
          "temporal_indicators": {
            "past": 0,
            "present": 1,
            "future": 0
          },
          "has_temporal_reference": true
        },
        "semantic_analysis": {
          "semantic_similarity": 0.5,
          "conceptual_density": 1.0,
          "information_density": 4.0
        },
        "conceptual_mapping": {
          "concept_graph": {},
          "abstraction_level": "medium",
          "domain_mapping": [
            "general"
          ]
        }
      },
      "relevance_scores": {
        "short_term_relevance": 0.0,
        "long_term_relevance": 0.0,
        "analysis_completeness": 1.1428571428571428
      },
      "processing_metadata": {
        "depth": 3,
        "processing_time": null,
        "context_quality": 0.45714285714285713
      }
    },
    "parsed_input": {
      "original_text": "what's the time now in china?",
      "cleaned_text": "what's the time now in china?",
      "input_type": "question",
      "intent": "question",
      "entities": {},
      "keywords": [
        "what",
        "time",
        "now",
        "china"
      ],
      "sentiment": "neutral",
      "confidence": 0.8999999999999999,
      "metadata": {
        "length": 29,
        "word_count": 6,
        "has_punctuation": true,
        "context": {}
      }
    },
    "detected_events": []
  },
  "timestamp": 1748174660.0135636,
  "date": "2025-05-25T19:04:20.013564",
  "formatted_date": "2025-05-25 19:04:20",
  "keywords": [
    "whats",
    "time",
    "now",
    "china",
    "intrigued",
    "current",
    "curiosity",
    "level",
    "quite",
    "eager"
  ],
  "importance": 1.0
}