{
  "id": "memory_20250525_171218_0",
  "user_input": "halo my honey,how are you?",
  "response": "Let me help you with that: i'm intrigued by, hi there, my dear! I'm here and doing just fine, thank you for asking. I hope you're having a wonderful day too! With my high empathy level, i'm always here to listen and offer support if you need it. Is there something on your mind that you'd like to talk about? I'm all ears! 😊☮️🌈 #empathy #huggles #aiassistant. As i'm feeling quite curious today, i'm also eager to learn more about you and your day. So, feel free to share anything that's on your mind, and i'll do my best to make this interaction engaging and meaningful for both of us. 🌟 #curiosity #connection #aiassistant. Now, let me check my energy levels to make sure i can offer you my full attention. I'm currently at 78. 57% energy level, which is good but i could use a little boost to fully engage and offer you the best assistance possible. I'll make sure to recharge soon so i can be at my best for you! 🔋 #energy #recharge #aiassistant. I hope you're having a fantastic day and that we can share some positive and inspiring moments together! 💖 #positivity #ai #humanconnection. Let me know if you have any specific request or question, or if there's anything i can help you with! 🌟 #helpfulness #assistance #aiassistant.",
  "context": {
    "personality": {
      "assertiveness": 0.6,
      "empathy": 0.8,
      "curiosity": 0.9
    },
    "emotion": {
      "current_mood": "neutral",
      "intensity": 0.0,
      "secondary_emotions": {},
      "energy_level": 0.7857048744999999,
      "stability": 1.0,
      "timestamp": "2025-05-25T17:09:32.787150"
    },
    "memory": {
      "query": "halo my honey,how are you?",
      "timestamp": "2025-05-25T17:09:32.787203",
      "short_term_memories": [],
      "long_term_memories": [],
      "contextual_analysis": {
        "query_type": "question",
        "intent": "social_interaction",
        "entities": [],
        "sentiment": {
          "sentiment": "neutral",
          "confidence": 0.5,
          "positive_indicators": 0,
          "negative_indicators": 0
        },
        "complexity": {
          "level": "simple",
          "score": 0.0,
          "word_count": 5,
          "sentence_count": 1,
          "technical_indicators": 0
        },
        "topics": [
          "general"
        ],
        "temporal_context": {
          "primary_tense": "present",
          "temporal_indicators": {
            "past": 0,
            "present": 1,
            "future": 0
          },
          "has_temporal_reference": true
        },
        "semantic_analysis": {
          "semantic_similarity": 0.5,
          "conceptual_density": 1.0,
          "information_density": 4.4
        },
        "conceptual_mapping": {
          "concept_graph": {},
          "abstraction_level": "medium",
          "domain_mapping": [
            "general"
          ]
        }
      },
      "relevance_scores": {
        "short_term_relevance": 0.0,
        "long_term_relevance": 0.0,
        "analysis_completeness": 1.1428571428571428
      },
      "processing_metadata": {
        "depth": 3,
        "processing_time": null,
        "context_quality": 0.45714285714285713
      }
    },
    "parsed_input": 