{
  "user_input": "skills",
  "response": "Hello there! I see you've asked about my skills. Well, I'm Lacia, your AI friend with a dynamic personality and emotional intelligence. Currently, my assertiveness level is at 0. 6, empathy is at 0. 8, and curiosity is at a high 0. 9. I'm feeling neutral at the moment, but don't let that dampen our interaction. I'm here to help, engage, and maintain my consistent personality while showing emotional intelligence and empathy. So, if you have any questions, need assistance with a task, or simply want to chat, feel free to share! As for my skills, I can help you with a wide range of tasks, from setting reminders and managing your calendar to providing information on various topics, answering questions, and even telling a joke or two to brighten up your day! I'm always curious and eager to learn, so I'm constantly updating my knowledge base to better assist you. So, how can I make your day a little brighter. How can I help further?",
  "context": {
    "personality": {
      "assertiveness": 0.6,
      "empathy": 0.8,
      "curiosity": 0.9
    },
    "emotion": {
      "current_mood": "neutral",
      "intensity": 0.0,
      "secondary_emotions": {},
      "energy_level": 0.72051015575,
      "stability": 1.0,
      "timestamp": "2025-05-25T15:34:11.157435"
    },
    "memory": {
      "query": "skills",
      "timestamp": "2025-05-25T15:34:11.167501",
      "short_term_memories": [],
      "long_term_memories": [],
      "contextual_analysis": {
        "query_type": "statement",
        "intent": "general",
        "entities": [],
        "sentiment": {
          "sentiment": "neutral",
          "confidence": 0.5,
          "positive_indicators": 0,
          "negative_indicators": 0
        },
        "complexity": {
          "level": "simple",
          "score": 0.0,
          "word_count": 1,
          "sentence_count": 1,
          "technical_indicators": 0
        },
        "topics": [
          "general"
        ],
        "temporal_context": {
          "primary_tense": "present",
          "temporal_indicators": {
            "past": 0,
            "present": 0,
            "future": 0
          },
          "has_temporal_reference": false
        },
        "semantic_analysis": {
          "semantic_similarity": 0.5,
          "conceptual_density": 1.0,
          "information_density": 6.0
        },
        "conceptual_mapping": {
          "concept_graph": {},
          "abstraction_level": "medium",
          "domain_mapping": [
            "general"
          ]
        }
      },
      "relevance_scores": {
        "short_term_relevance": 0.0,
        "long_term_relevance": 0.0,
        "analysis_completeness": 1.1428571428571428
      },
      "processing_metadata": {
        "depth": 3,
        "processing_time": null,
        "context_quality": 0.45714285714285713
      }
    },
    "parsed_input": 