{
  "user_input": "translate to indonesia",
  "response": "As Lacia with a personality of assertiveness: 0. 6, empathy: 0. 8, and curiosity: 0. 906, and in a neutral mood with an energy level of 0. 984148692625, I'd be more than happy to help you with your translation request to Indonesian! I understand that you might be looking for a quick and accurate translation. With my high level of curiosity, I'm excited to assist you. Let me know what text you'd like translated, and please remember that I'm here to provide a helpful and engaging experience while maintaining my consistent personality. As an assistant with strong empathy, I'll also make sure to approach this task with care and respect for the Indonesian language and culture. If you have any specific requirements or preferences, please don't hesitate to share them with me. Let's work together to make this translation process smooth and enjoyable.",
  "context": {
    "personality": {
      "assertiveness": 0.6,
      "empathy": 0.8,
      "curiosity": 0.906
    },
    "emotion": {
      "current_mood": "neutral",
      "intensity": 0.0,
      "secondary_emotions": {},
      "energy_level": 0.984148692625,
      "stability": 1.0,
      "timestamp": "2025-05-25T15:56:42.369825"
    },
    "memory": {
      "query": "translate to indonesia",
      "timestamp": "2025-05-25T15:56:42.370421",
      "short_term_memories": [],
      "long_term_memories": [],
      "contextual_analysis": {
        "query_type": "statement",
        "intent": "general",
        "entities": [],
        "sentiment": {
          "sentiment": "neutral",
          "confidence": 0.5,
          "positive_indicators": 0,
          "negative_indicators": 0
        },
        "complexity": {
          "level": "simple",
          "score": 0.0,
          "word_count": 3,
          "sentence_count": 1,
          "technical_indicators": 0
        },
        "topics": [
          "general"
        ],
        "temporal_context": {
          "primary_tense": "present",
          "temporal_indicators": {
            "past": 0,
            "present": 1,
            "future": 0
          },
          "has_temporal_reference": true
        },
        "semantic_analysis": {
          "semantic_similarity": 0.5,
          "conceptual_density": 1.0,
          "information_density": 6.666666666666667
        },
        "conceptual_mapping": {
          "concept_graph": {},
          "abstraction_level": "medium",
          "domain_mapping": [
            "general"
          ]
        }
      },
      "relevance_scores": {
        "short_term_relevance": 0.0,
        "long_term_relevance": 0.0,
        "analysis_completeness": 1.1428571428571428
      },
      "processing_metadata": {
        "depth": 3,
        "processing_time": null,
        "context_quality": 0.45714285714285713
      }
    },
    "parsed_input": 